Technician,Customer #,Customer Name,Service Zone,Service City/Town,Service Location #,WO Number,Schedule Date,Scheduled Begin Time,Scheduled Completion Time,Call Reason 1/ Activity,Call Reason 2,Call Reason 3,Service Address,Service Instructions,Service Location Definition,Call/Activity Note,ACCOUNT_NUM
CHAD TAYLOR,900001,SAMPLE CUSTOMER 01,FP-712 - CAROLINE,FREDERICKSBURG,1.0,90001.0,46267.0,0.625,0.6875,APPLIANCE (CONVERT),,,SAMPLE CUSTOMER 01/100 SAMPLE HOLLOW TR/LANDLORD/FREDERICKSBURG VA 22408,"Synthetic directions: take SAMPLE RD, turn left at TEST LN, house on the right.","COOKING, GAS LOGS, DRYER",VB* Gas check and tank monitor install. Note tank number and tank level.,90000.0
NICHOLAS PENLEY,900002,SAMPLE CUSTOMER 02,FP-733 - CHANCELLOR,SPOTSYLVANIA,1.0,90002.0,46267.0,0.3541666666666667,0.4722222222222222,GAS  CHECK,INSTALL TANK MONITOR,,SAMPLE CUSTOMER 02/137 SAMPLE RIDGE BOULEVARD/./SPOTSYLVANIA VA 22553,"Synthetic directions: follow EXAMPLE HWY to the second light, then right.",,*RS* Service call. Check appliances and confirm tank level.,90000.0
NICHOLAS PENLEY,900003,SAMPLE CUSTOMER 03,FP-748 - TACKETS MILL,STAFFORD,1.0,90003.0,46267.0,0.625,0.6458333333333334,LOCK TANK,,,SAMPLE CUSTOMER 03/174 SAMPLE CREEK WAY//STAFFORD VA 22556,,,*RS* Install conversion kit and gas check.,90000.0
NICHOLAS PENLEY,900004,SAMPLE BUSINESS 01,FP-751 - POPLAR RD,STAFFORD,109.0,90004.0,46267.0,0.5,0.6041666666666666,TANK INSTALL (UG),PIPE HOUSE LP (OUTSIDE),,SAMPLE BUSINESS 01/211 SAMPLE MEADOW LANE/HAM 16  **SAMPLE**/STAFFORD VA 22556,"Synthetic directions: take SAMPLE RD, turn left at TEST LN, house on the right.","RANGE, DRYER",*RS* Seasonal tank check. Note tank number and tank level.,90000.0
CHAD TAYLOR,900005,SAMPLE CUSTOMER 04,FP-754 - ST. GEORGE,STAFFORD,1.0,90005.0,46267.0,0.4375,0.5,GAS  CHECK,,,SAMPLE CUSTOMER 04/248 SAMPLE GROVE DRIVE//STAFFORD VA 22556,"Synthetic directions: follow EXAMPLE HWY to the second light, then right.",,VB* Pipe and leak check at the house.,90000.0
CHAD TAYLOR,900006,SAMPLE CUSTOMER 05,FP-760 - MT. VIEW,STAFFORD,1.0,90006.0,46267.0,0.3333333333333333,0.4166666666666667,"PREV MAINT LP EQUIP/ CLEAN, CHECK & ADJU",,,SAMPLE CUSTOMER 05/285 SAMPLE BEND RD//STAFFORD VA 22554,Synthetic directions: tank is behind the garage. Gate on the left.,,Gas check and tank monitor install. Note tank number and tank level.,90000.0
CHAD TAYLOR,900007,SAMPLE BUSINESS 02,FP-772 - WHITEOAK,FREDERICKSBURG,1.0,90007.0,46267.0,0.5208333333333334,0.6041666666666666,REGULATOR (HOOK UP),,,SAMPLE BUSINESS 02/322 SAMPLE FIELD ST/./FREDERICKSBURG VA 22405,,"COOKING, GAS LOGS, DRYER",*RS* Service call. Check appliances and confirm tank level.,90000.0
ELI MASTON,,,,,0.0,0.0,46267.0,0.3541666666666667,0.6875,PTO,,,,,,Install conversion kit and gas check.,0.0
SHAWN GREEN,,,,,0.0,0.0,46267.0,0.3541666666666667,0.6875,Training,,,,,,Seasonal tank check. Note tank number and tank level.,0.0
PHILLIP GOULDMAN,,,,,0.0,0.0,46267.0,0.3541666666666667,0.6875,PTO,,,,,,Pipe and leak check at the house.,0.0
NICHOLAS PENLEY,900008,SAMPLE CUSTOMER 06,FP-724 - POST OAK- COURTHOUSE,FREDERICKSBURG,1.0,90008.0,46268.0,0.4791666666666667,0.5208333333333334,CATHODIC TEST,,,SAMPLE CUSTOMER 06/359 TESTING HOLLOW COURT//FREDERICKSBURG VA 22408,"Synthetic directions: follow EXAMPLE HWY to the second light, then right.",,Gas check and tank monitor install. Note tank number and tank level.,90000.0
NICHOLAS PENLEY,900009,SAMPLE CUSTOMER 07,FP-724 - POST OAK- COURTHOUSE,SPOTSYLVANIA,1.0,90009.0,46268.0,0.5416666666666666,0.6041666666666666,GAS  CHECK,,,SAMPLE CUSTOMER 07/396 TESTING RIDGE LANE/./SPOTSYLVANIA VA 22551,Synthetic directions: tank is behind the garage. Gate on the left.,"COOKING, POOL HEATER",VB* Service call. Check appliances and confirm tank level.,90000.0
NICHOLAS PENLEY,900010,SAMPLE CUSTOMER 08,FP-727 - COURTLAND,SPOSTYLVANIA,1.0,90010.0,46268.0,0.625,0.6875,GAS  CHECK,,,SAMPLE CUSTOMER 08/433 TESTING CREEK CIRCLE/./SPOSTYLVANIA VA 22551,"Synthetic directions: take SAMPLE RD, turn left at TEST LN, house on the right.","COOKING, GAS LOGS, DRYER",VB* Install conversion kit and gas check.,90001.0
CHAD TAYLOR,900011,SAMPLE CUSTOMER 09,FP-742 - 17N TO RICHARDS FERRY,FREDERICKSBURG,1.0,90011.0,46268.0,0.3541666666666667,0.3958333333333333,LOCK TANK,,,SAMPLE CUSTOMER 09/470 TESTING MEADOW ROAD/./FREDERICKSBURG VA 22406,"Synthetic directions: follow EXAMPLE HWY to the second light, then right.","FURNACE, WATER HEATER",Seasonal tank check. Note tank number and tank level.,90001.0
CHAD TAYLOR,900012,SAMPLE BUSINESS 03,FP-751 - POPLAR RD,STAFFORD,28.0,90012.0,46268.0,0.5,0.5833333333333334,REGULATOR (HOOK UP),,,SAMPLE BUSINESS 03/507 TESTING GROVE TERRACE/MVM 2/STAFFORD VA 22556,Synthetic directions: tank is behind the garage. Gate on the left.,"TANKLESS, FIREPLACE, COOKING",*RS* Pipe and leak check at the house.,90001.0
CHAD TAYLOR,900013,NEW OWNER,FP-751 - POPLAR RD,STAFFORD,1.0,90013.0,46268.0,0.6041666666666666,0.6666666666666666,LOCK TANK,,,NEW OWNER/544 TESTING BEND CT/./STAFFORD VA 22556,,"RANGE, DRYER",Gas check and tank monitor install. Note tank number and tank level.,90001.0
NICHOLAS PENLEY,900014,SAMPLE BUSINESS 04,FP-751 - POPLAR RD,STAFFORD,9.0,90014.0,46268.0,0.3541666666666667,0.4583333333333333,REGULATOR (HOOK UP),,,SAMPLE BUSINESS 04/581 TESTING FIELD RD/RM 11/STAFFORD VA 22556,"Synthetic directions: follow EXAMPLE HWY to the second light, then right.","FIREPLACE, GENERATOR",*RS* Service call. Check appliances and confirm tank level.,90001.0
CHAD TAYLOR,900015,SAMPLE CUSTOMER 10,FP-751 - POPLAR RD,STAFFORD,1.0,90015.0,46268.0,0.4166666666666667,0.4791666666666667,GAS  CHECK,,,SAMPLE CUSTOMER 10/618 FIXTURE HOLLOW COURT/./STAFFORD VA 22556,Synthetic directions: tank is behind the garage. Gate on the left.,"COOKING, POOL HEATER",VB* Install conversion kit and gas check.,90001.0
CHAD TAYLOR,900016,NEW OWNER,FP-751 - POPLAR RD,STAFFORD,1.0,90016.0,46268.0,0.5972222222222222,0.6041666666666666,LOCK TANK,,,NEW OWNER/655 FIXTURE RIDGE CT/./STAFFORD VA 22556,,"COOKING, GAS LOGS, DRYER",Seasonal tank check. Note tank number and tank level.,90001.0
ELI MASTON,,,,,0.0,0.0,46268.0,0.3541666666666667,0.6875,PTO,,,,,,Pipe and leak check at the house.,0.0
SHAWN GREEN,,,,,0.0,0.0,46268.0,0.3541666666666667,0.6875,Training,,,,,,Gas check and tank monitor install. Note tank number and tank level.,0.0
PHILLIP GOULDMAN,,,,,0.0,0.0,46268.0,0.3541666666666667,0.6875,PTO,,,,,,Service call. Check appliances and confirm tank level.,0.0
CHAD TAYLOR,900017,SAMPLE CUSTOMER 11,FP-709 - MINERAL-ASHLAND,MINERAL,1.0,90017.0,46269.0,0.5,0.6041666666666666,APPLIANCE (CONNECT),,,SAMPLE CUSTOMER 11/692 FIXTURE CREEK ROAD/./MINERAL VA 23117,"Synthetic directions: follow EXAMPLE HWY to the second light, then right.","FIREPLACE, GENERATOR",Install conversion kit and gas check.,90001.0
NICHOLAS PENLEY,900012,SAMPLE BUSINESS 03,FP-751 - POPLAR RD,STAFFORD,27.0,90018.0,46269.0,0.4166666666666667,0.4583333333333333,REGULATOR (HOOK UP),,,SAMPLE BUSINESS 03/729 FIXTURE MEADOW COURT/CHR 3/STAFFORD VA 22556,,"COOKING, POOL HEATER",*RS* Seasonal tank check. Note tank number and tank level.,90001.0
NICHOLAS PENLEY,900012,SAMPLE BUSINESS 03,FP-751 - POPLAR RD,STAFFORD,28.0,90019.0,46269.0,0.4791666666666667,0.5416666666666666,TANK INSTALL (AG),INSTALL TANK MONITOR,,SAMPLE BUSINESS 03/507 TESTING GROVE TERRACE/MVM 2/STAFFORD VA 22556,"Synthetic directions: take SAMPLE RD, turn left at TEST LN, house on the right.","COOKING, GAS LOGS, DRYER",*RS* Pipe and leak check at the house.,90001.0
NICHOLAS PENLEY,900018,SAMPLE CUSTOMER 12,FP-751 - POPLAR RD,STAFFORD,1.0,90020.0,46269.0,0.625,0.6875,GAS  CHECK,,,SAMPLE CUSTOMER 12/766 FIXTURE GROVE ROAD/TENANT/STAFFORD VA 22556,"Synthetic directions: follow EXAMPLE HWY to the second light, then right.","FURNACE, WATER HEATER",VB* Gas check and tank monitor install. Note tank number and tank level.,90001.0
NICHOLAS PENLEY,900019,SAMPLE CUSTOMER 13,FP-757 - GARRISONVILLE,STAFFORD,1.0,90021.0,46269.0,0.5625,0.6041666666666666,GAS  CHECK,,,SAMPLE CUSTOMER 13/803 FIXTURE BEND ROAD/./STAFFORD VA 22556/STAFFORD VA 22556,Synthetic directions: tank is behind the garage. Gate on the left.,,Service call. Check appliances and confirm tank level.,90001.0
NICHOLAS PENLEY,900020,SAMPLE CUSTOMER 14,FP-766 - AQUIA HARBOR,STAFFORD,1.0,90022.0,46269.0,0.3541666666666667,0.3958333333333333,APPLIANCE (SERVICE),,,SAMPLE CUSTOMER 14/840 FIXTURE FIELD ROAD//STAFFORD VA 22554,"Synthetic directions: take SAMPLE RD, turn left at TEST LN, house on the right.",,KS******* Install conversion kit and gas check.,90002.0
CHAD TAYLOR,,,,,0.0,0.0,46269.0,0.3541666666666667,0.4791666666666667,PTO,,,,,,Seasonal tank check. Note tank number and tank level.,0.0
SHAWN GREEN,,,,,0.0,0.0,46269.0,0.3541666666666667,0.6875,Training,,,,,,Pipe and leak check at the house.,0.0
ELI MASTON,,,,,0.0,0.0,46269.0,0.3541666666666667,0.6875,PTO,,,,,,Gas check and tank monitor install. Note tank number and tank level.,0.0
PHILLIP GOULDMAN,,,,,0.0,0.0,46269.0,0.3541666666666667,0.6875,PTO,,,,,,Service call. Check appliances and confirm tank level.,0.0
CHAD TAYLOR,,,,,0.0,0.0,46272.0,0.3541666666666667,0.5208333333333334,Holiday,,,,,,Install conversion kit and gas check.,0.0
NICHOLAS PENLEY,,,,,0.0,0.0,46272.0,0.3541666666666667,0.5208333333333334,Holiday,,,,,,Seasonal tank check. Note tank number and tank level.,0.0
PHILLIP GOULDMAN,,,,,0.0,0.0,46272.0,0.3541666666666667,0.5208333333333334,Holiday,,,,,,Pipe and leak check at the house.,0.0
ELI MASTON,,,,,0.0,0.0,46272.0,0.3541666666666667,0.5208333333333334,Holiday,,,,,,Gas check and tank monitor install. Note tank number and tank level.,0.0
ELI MASTON,900021,SAMPLE CUSTOMER 15,FP-718 - LAKE ANNA SOUTH,BUMPASS,1.0,90023.0,46273.0,0.6041666666666666,0.7013888888888888,GAS  CHECK,,,SAMPLE CUSTOMER 15/877 EXAMPLE HOLLOW DRIVE/./BUMPASS VA 23024,"Synthetic directions: take SAMPLE RD, turn left at TEST LN, house on the right.","COOKING, GAS LOGS, DRYER",*RS* Service call. Check appliances and confirm tank level.,90002.0
PHILLIP GOULDMAN,900004,SAMPLE BUSINESS 01,FP-718 - LAKE ANNA SOUTH,MINERAL,95.0,90024.0,46273.0,0.4166666666666667,0.4375,REGULATOR (HOOK UP),,,SAMPLE BUSINESS 01/914 EXAMPLE RIDGE HWY/CAR D  **SAMPLE**/MINERAL VA 23117,"Synthetic directions: follow EXAMPLE HWY to the second light, then right.","FURNACE, WATER HEATER",*RS* Install conversion kit and gas check.,90000.0
PHILLIP GOULDMAN,900004,SAMPLE BUSINESS 01,FP-718 - LAKE ANNA SOUTH,MINERAL,94.0,90025.0,46273.0,0.3541666666666667,0.3958333333333333,REGULATOR (HOOK UP),CATHODIC TEST,,SAMPLE BUSINESS 01/951 EXAMPLE CREEK HWY/CAR C  **SAMPLE**/MINERAL VA 23117,Synthetic directions: tank is behind the garage. Gate on the left.,"TANKLESS, FIREPLACE, COOKING",*RS* Seasonal tank check. Note tank number and tank level.,90000.0
ELI MASTON,900022,SAMPLE CUSTOMER 16,FP-721 - LAKE ANNA NORTH,UNIONVILLE,1.0,90026.0,46273.0,0.5833333333333334,0.6041666666666666,REGULATOR (REPAIR),,,SAMPLE CUSTOMER 16/108 EXAMPLE MEADOW LANE//UNIONVILLE VA 22567,"Synthetic directions: take SAMPLE RD, turn left at TEST LN, house on the right.",,Pipe and leak check at the house.,90002.0
ELI MASTON,900023,SAMPLE CUSTOMER 17,FP-727 - COURTLAND,SPOTSYLVANIA,1.0,90027.0,46273.0,0.5416666666666666,0.5625,LOCK TANK,,,SAMPLE CUSTOMER 17/145 EXAMPLE GROVE ROAD//SPOTSYLVANIA VA 22553,"Synthetic directions: follow EXAMPLE HWY to the second light, then right.",,*RS* Gas check and tank monitor install. Note tank number and tank level.,90002.0
ELI MASTON,900024,SAMPLE CUSTOMER 18,FP-727 - COURTLAND,SPOTSYLVANIA,2.0,90028.0,46273.0,0.3541666666666667,0.5208333333333334,TANK INSTALL (UG),PIPE HOUSE LP (OUTSIDE),INSTALL TANK MONITOR,SAMPLE CUSTOMER 18/182 EXAMPLE BEND LN/./SPOTSYLVANIA VA 22553,Synthetic directions: tank is behind the garage. Gate on the left.,"COOKING, POOL HEATER",Service call. Check appliances and confirm tank level.,90002.0
PHILLIP GOULDMAN,900025,SAMPLE CUSTOMER 19,FP-733 - CHANCELLOR,FREDERICKSBURG,1.0,90029.0,46273.0,0.5,0.5625,TANK PICK UP,,,SAMPLE CUSTOMER 19/219 EXAMPLE FIELD WAY//FREDERICKSBURG VA 22407,"Synthetic directions: take SAMPLE RD, turn left at TEST LN, house on the right.",,Install conversion kit and gas check.,90002.0
NICHOLAS PENLEY,900025,SAMPLE CUSTOMER 19,FP-733 - CHANCELLOR,FREDERICKSBURG,1.0,90030.0,46273.0,0.5208333333333334,0.5833333333333334,HELPER - LP/OIL,,,SAMPLE CUSTOMER 19/219 EXAMPLE FIELD WAY//FREDERICKSBURG VA 22407,"Synthetic directions: follow EXAMPLE HWY to the second light, then right.",,Seasonal tank check. Note tank number and tank level.,90002.0
PHILLIP GOULDMAN,900026,SAMPLE CUSTOMER 20,FP-733 - CHANCELLOR,SPOTSYLVANIA,1.0,90031.0,46273.0,0.5625,0.6875,PIPE HOUSE LP (OUTSIDE),,,SAMPLE CUSTOMER 20/256 DEMO HOLLOW COURT/./SPOTSYLVANIA VA 22553,Synthetic directions: tank is behind the garage. Gate on the left.,"TANKLESS, FIREPLACE, COOKING",Pipe and leak check at the house.,90002.0
NICHOLAS PENLEY,900027,SAMPLE CUSTOMER 21,FP-736 - HARRISON-NEW POST,FREDERICKSBURG,1.0,90032.0,46273.0,0.6041666666666666,0.625,LOCK TANK,,,SAMPLE CUSTOMER 21/293 DEMO RIDGE DRIVE//FREDERICKSBURG VA 22408,"Synthetic directions: take SAMPLE RD, turn left at TEST LN, house on the right.",,*RS* Gas check and tank monitor install. Note tank number and tank level.,90002.0
NICHOLAS PENLEY,900028,NEW OWNER,FP-742 - 17N TO RICHARDS FERRY,FREDERICKSBURG,1.0,90033.0,46273.0,0.4375,0.5,LOCK TANK,,,NEW OWNER/330 DEMO CREEK LANE/./FREDERICKSBURG VA 22406,"Synthetic directions: follow EXAMPLE HWY to the second light, then right.",,CS* Service call. Check appliances and confirm tank level.,90002.0
NICHOLAS PENLEY,900029,SAMPLE CUSTOMER 22,FP-745 - SUMMERDUCK,FREDERICKSBURG,1.0,90034.0,46273.0,0.3541666666666667,0.4097222222222222,GAS  CHECK,,,SAMPLE CUSTOMER 22/367 DEMO MEADOW DRIVE/./FREDERICKSBURG VA 22406,Synthetic directions: tank is behind the garage. Gate on the left.,"COOKING, POOL HEATER",Install conversion kit and gas check.,90002.0
CHAD TAYLOR,900030,M24 STORAGE SAMPLE BUSINESS 05,FP-STO - STORAGE,FREDERICKSBURG,1.0,90035.0,46273.0,0.3541666666666667,0.5208333333333334,LAWN GROUNDS MAINT,,,M24 STORAGE SAMPLE BUSINESS 05/404 DEMO GROVE HIGHWAY/./FREDERICKSBURG VA 22407,"Synthetic directions: take SAMPLE RD, turn left at TEST LN, house on the right.","COOKING, GAS LOGS, DRYER",CS* Seasonal tank check. Note tank number and tank level.,90003.0
CHAD TAYLOR,900031,M26 STORAGE SAMPLE BUSINESS 06,FP-STO - STORAGE,FREDERICKSBURG,1.0,90036.0,46273.0,0.5416666666666666,0.7083333333333334,LAWN GROUNDS MAINT,,,M26 STORAGE SAMPLE BUSINESS 06/441 DEMO BEND DRIVE/./FREDERICKSBURG VA 22406,"Synthetic directions: follow EXAMPLE HWY to the second light, then right.","FURNACE, WATER HEATER",CS* Pipe and leak check at the house.,90003.0
NICHOLAS PENLEY,900032,SAMPLE CUSTOMER 23,FP-700 - RICHMOND-POWHATAN-MIDLOTHIAN,POWHATAN,2.0,90037.0,46274.0,0.5,0.5833333333333334,CATHODIC TEST,,,SAMPLE CUSTOMER 23/478 DEMO FIELD ROAD//POWHATAN VA 23139,Synthetic directions: tank is behind the garage. Gate on the left.,,Gas check and tank monitor install. Note tank number and tank level.,90003.0
NICHOLAS PENLEY,900033,SAMPLE CUSTOMER 24,FP-706 - OILVILLE,MAIDENS,1.0,90038.0,46274.0,0.6041666666666666,0.6458333333333334,INSTALL TANK MONITOR,,,SAMPLE CUSTOMER 24/515 MOCK HOLLOW ROAD//MAIDENS VA 23102,"Synthetic directions: take SAMPLE RD, turn left at TEST LN, house on the right.",,Service call. Check appliances and confirm tank level.,90003.0
PHILLIP GOULDMAN,900034,SAMPLE BUSINESS 07,FP-709 - MINERAL-ASHLAND,GLEN ALLEN,7.0,90039.0,46274.0,0.3541666666666667,0.4791666666666667,TANK INSTALL (UG),PIPE HOUSE LP (OUTSIDE),INSTALL TANK MONITOR,SAMPLE BUSINESS 07/552 MOCK RIDGE ROAD/**SAMPLE**/GLEN ALLEN VA 23059,"Synthetic directions: follow EXAMPLE HWY to the second light, then right.","FIREPLACE, GENERATOR",*RS* Install conversion kit and gas check.,90003.0
PHILLIP GOULDMAN,900035,SAMPLE CUSTOMER 25,FP-712 - CAROLINE,BOWLING GREEN,1.0,90040.0,46274.0,0.6666666666666666,0.7083333333333334,TANK PICK UP,,,SAMPLE CUSTOMER 25/589 MOCK CREEK RD//BOWLING GREEN VA 22427,Synthetic directions: tank is behind the garage. Gate on the left.,,*RS* Seasonal tank check. Note tank number and tank level.,90003.0
NICHOLAS PENLEY,900035,SAMPLE CUSTOMER 25,FP-712 - CAROLINE,BOWLING GREEN,1.0,90041.0,46274.0,0.6666666666666666,0.7083333333333334,HELPER - LP/OIL,,,SAMPLE CUSTOMER 25/589 MOCK CREEK RD//BOWLING GREEN VA 22427,"Synthetic directions: take SAMPLE RD, turn left at TEST LN, house on the right.",,*RS* Pipe and leak check at the house.,90003.0
PHILLIP GOULDMAN,900036,SAMPLE CUSTOMER 26,FP-712 - CAROLINE,FREDERICKSBURG,1.0,90042.0,46274.0,0.5,0.6458333333333334,TANK INSTALL (UG),PIPE HOUSE LP (OUTSIDE),INSTALL TANK MONITOR,SAMPLE CUSTOMER 26/626 MOCK MEADOW LN//FREDERICKSBURG VA 22408,"Synthetic directions: follow EXAMPLE HWY to the second light, then right.","FURNACE, WATER HEATER",*RS* Gas check and tank monitor install. Note tank number and tank level.,90003.0
ELI MASTON,900037,SAMPLE CUSTOMER 27,FP-736 - HARRISON-NEW POST,FREDERICKSBURG,1.0,90043.0,46274.0,0.5,0.5833333333333334,TANK SWAP OUT,,,SAMPLE CUSTOMER 27/663 MOCK GROVE STREET//FREDERICKSBURG VA 22408,Synthetic directions: tank is behind the garage. Gate on the left.,,Service call. Check appliances and confirm tank level.,90003.0
NICHOLAS PENLEY,900038,SAMPLE CUSTOMER 28,FP-736 - HARRISON-NEW POST,FREDERICKSBURG,1.0,90044.0,46274.0,0.3541666666666667,0.4791666666666667,HELPER - LP/OIL,,,SAMPLE CUSTOMER 28/700 MOCK BEND DRIVE//FREDERICKSBURG VA 22401,"Synthetic directions: take SAMPLE RD, turn left at TEST LN, house on the right.",,Install conversion kit and gas check.,90003.0
ELI MASTON,900038,SAMPLE CUSTOMER 28,FP-736 - HARRISON-NEW POST,FREDERICKSBURG,1.0,90045.0,46274.0,0.3541666666666667,0.4791666666666667,REGULATOR (HOOK UP),CATHODIC TEST,,SAMPLE CUSTOMER 28/700 MOCK BEND DRIVE//FREDERICKSBURG VA 22401,"Synthetic directions: follow EXAMPLE HWY to the second light, then right.",,Seasonal tank check. Note tank number and tank level.,90003.0
ELI MASTON,900039,SAMPLE CUSTOMER 29,FP-772 - WHITEOAK,KING GEORGE,1.0,90046.0,46274.0,0.6041666666666666,0.6666666666666666,GAS  CHECK,,,SAMPLE CUSTOMER 29/737 MOCK FIELD DR/./KING GEORGE VA 22485,Synthetic directions: tank is behind the garage. Gate on the left.,"COOKING, POOL HEATER",VB* Pipe and leak check at the house.,90003.0
CHAD TAYLOR,900040,SAMPLE CUSTOMER 30,FP-778 - KING GEORGE EAST,COLONIAL BEACH,1.0,90047.0,46274.0,0.3541666666666667,0.5625,APPLIANCE (INSTALL),PIPE HOUSE LP (INSIDE),TANK INSTALL (AG),SAMPLE CUSTOMER 30/774 PLACEHOLDER HOLLOW ROAD/./COLONIAL BEACH VA 22443,"Synthetic directions: take SAMPLE RD, turn left at TEST LN, house on the right.","COOKING, GAS LOGS, DRYER",Gas check and tank monitor install. Note tank number and tank level.,90004.0
